id,first_name,last_name,email,gender,ip_address
1,Christina,Alvarez,calvarez0@nymag.com,Female,222.48.172.1
2,Angela,Carpenter,acarpenter1@go.com,Female,172.236.158.232
3,Steve,Bowman,sbowman2@archive.org,Male,120.91.103.75
4,Philip,Alvarez,palvarez3@addtoany.com,Male,52.165.66.246
5,Linda,Perez,lperez4@opera.com,Female,94.63.249.221
6,Sara,Bailey,sbailey5@time.com,Female,31.26.227.7
7,Evelyn,Holmes,eholmes6@guardian.co.uk,Female,197.104.159.189
8,Karen,Kelly,kkelly7@com.com,Female,240.253.142.228
9,Catherine,Welch,cwelch8@edublogs.org,Female,248.96.179.195
10,Alan,Carter,acarter9@cocolog-nifty.com,Male,109.214.202.15
11,Matthew,Lopez,mlopeza@sciencedirect.com,Male,249.8.13.153
12,Randy,Wright,rwrightb@ycombinator.com,Male,255.75.57.192
13,Anne,Alexander,aalexanderc@wikia.com,Female,6.115.117.126
14,Jose,Gonzales,jgonzalesd@liveinternet.ru,Male,95.176.201.151
15,Jonathan,Greene,jgreenee@irs.gov,Male,131.246.244.72
16,Carl,Larson,clarsonf@ask.com,Male,99.190.186.229
17,Maria,Price,mpriceg@springer.com,Female,194.5.226.173
18,Karen,Walker,kwalkerh@princeton.edu,Female,150.106.32.250
19,Mildred,Baker,mbakeri@oakley.com,Female,169.255.115.149
20,Beverly,Garza,bgarzaj@cpanel.net,Female,166.214.220.210
21,Alan,Peters,apetersk@time.com,Male,102.97.4.26
22,Nicole,Barnes,nbarnesl@zimbio.com,Female,230.108.141.229
23,Laura,Greene,lgreenem@vinaora.com,Female,221.116.133.63
24,Louise,Grant,lgrantn@issuu.com,Female,231.210.165.105
25,Cynthia,Moore,cmooreo@google.com.br,Female,50.192.251.183
26,Earl,Robertson,erobertsonp@intel.com,Male,108.67.62.158
27,Sarah,Rodriguez,srodriguezq@fastcompany.com,Female,149.0.84.134
28,Jane,Bell,jbellr@youku.com,Female,54.248.123.69
29,Joshua,Evans,jevanss@merriam-webster.com,Male,109.162.22.194
30,Steven,Rose,sroset@foxnews.com,Male,62.134.137.128
31,Donna,Carpenter,dcarpenteru@ifeng.com,Female,156.44.39.3
32,Virginia,Weaver,vweaverv@cmu.edu,Female,111.109.225.56
33,Andrea,Roberts,arobertsw@ifeng.com,Female,65.66.206.181
34,Elizabeth,Alvarez,ealvarezx@istockphoto.com,Female,47.76.44.89
35,Ruby,Phillips,rphillipsy@parallels.com,Female,189.42.193.16
36,Carolyn,Weaver,cweaverz@a8.net,Female,101.199.194.200
37,Phyllis,Hansen,phansen10@businessweek.com,Female,243.254.139.111
38,Heather,Carr,hcarr11@noaa.gov,Female,34.56.84.39
39,Steve,Garcia,sgarcia12@google.pl,Male,100.40.118.189
40,James,Rogers,jrogers13@upenn.edu,Male,33.97.63.77
41,Sarah,Welch,swelch14@squidoo.com,Female,20.245.8.197
42,Anne,Richards,arichards15@reuters.com,Female,6.61.97.200
43,Russell,Perry,rperry16@yellowpages.com,Male,231.2.0.100
44,Craig,Perez,cperez17@ft.com,Male,61.35.124.168
45,Jeremy,Ramirez,jramirez18@printfriendly.com,Male,188.200.196.65
46,Diana,Ferguson,dferguson19@sun.com,Female,99.203.75.228
47,Shawn,Castillo,scastillo1a@msn.com,Male,197.210.2.106
48,Patrick,Allen,pallen1b@bloglines.com,Male,1.231.240.42
49,Justin,Howell,jhowell1c@irs.gov,Male,205.73.133.81
50,Rose,Henderson,rhenderson1d@mashable.com,Female,68.168.34.226
51,Kimberly,Morgan,kmorgan1e@g.co,Female,219.222.103.116
52,Stephanie,Hill,shill1f@house.gov,Female,186.74.83.143
53,Barbara,Henry,bhenry1g@independent.co.uk,Female,14.232.230.124
54,Adam,Thomas,athomas1h@census.gov,Male,140.38.12.212
55,Susan,Diaz,sdiaz1i@seesaa.net,Female,223.79.158.199
56,Joan,Dixon,jdixon1j@unc.edu,Female,22.173.144.35
57,Rachel,Weaver,rweaver1k@dell.com,Female,47.216.208.184
58,Kathryn,Gonzales,kgonzales1l@topsy.com,Female,76.130.234.255
59,Sharon,Wells,swells1m@ebay.com,Female,128.178.102.193
60,Evelyn,Roberts,eroberts1n@hibu.com,Female,103.148.6.236
61,Dennis,Ford,dford1o@squidoo.com,Male,196.146.41.72
62,Janice,Black,jblack1p@alibaba.com,Female,54.200.207.3
63,Johnny,Wallace,jwallace1q@state.gov,Male,70.17.62.71
64,Patrick,Hughes,phughes1r@shutterfly.com,Male,210.102.88.88
65,Alice,Dixon,adixon1s@hugedomains.com,Female,230.233.160.145
66,Juan,Peters,jpeters1t@flavors.me,Male,179.96.118.122
67,Howard,Rose,hrose1u@instagram.com,Male,54.224.221.90
68,Maria,Sanders,msanders1v@360.cn,Female,139.9.18.57
69,Brenda,Wagner,bwagner1w@epa.gov,Female,157.124.215.223
70,Kimberly,Holmes,kholmes1x@mediafire.com,Female,253.223.151.239
71,Joshua,Richards,jrichards1y@paginegialle.it,Male,82.146.219.175
72,Michelle,Myers,mmyers1z@vistaprint.com,Female,164.156.175.49
73,Jose,Woods,jwoods20@shutterfly.com,Male,62.211.156.74
74,Judy,Johnston,jjohnston21@prweb.com,Female,239.241.148.38
75,Jane,Stephens,jstephens22@google.com.br,Female,145.4.228.172
76,Douglas,Garcia,dgarcia23@mysql.com,Male,237.217.11.237
77,Cheryl,Hawkins,chawkins24@state.gov,Female,255.134.249.254
78,Ruth,Allen,rallen25@redcross.org,Female,204.18.160.152
79,Ruby,Morrison,rmorrison26@privacy.gov.au,Female,238.180.140.84
80,Ryan,Barnes,rbarnes27@reddit.com,Male,228.25.178.231
81,Beverly,Palmer,bpalmer28@mac.com,Female,95.88.65.165
82,Catherine,Perry,cperry29@wix.com,Female,77.197.132.123
83,Arthur,Burns,aburns2a@goodreads.com,Male,87.53.169.103
84,Julie,Gardner,jgardner2b@google.fr,Female,21.46.95.13
85,Frank,Sullivan,fsullivan2c@dropbox.com,Male,14.173.24.49
86,Stephanie,Gardner,sgardner2d@hp.com,Female,134.56.91.169
87,Lisa,Long,llong2e@zimbio.com,Female,111.48.216.6
88,Judith,Woods,jwoods2f@sitemeter.com,Female,160.79.117.93
89,Gloria,Collins,gcollins2g@com.com,Female,62.165.64.123
90,Bobby,Graham,bgraham2h@zimbio.com,Male,214.18.100.111
91,Keith,Armstrong,karmstrong2i@unicef.org,Male,105.67.38.158
92,Catherine,Diaz,cdiaz2j@so-net.ne.jp,Female,28.136.243.61
93,Gregory,Freeman,gfreeman2k@smugmug.com,Male,248.178.212.181
94,Gloria,Rose,grose2l@amazon.com,Female,73.157.147.124
95,Kathryn,Hernandez,khernandez2m@prweb.com,Female,95.222.98.240
96,Joan,Lynch,jlynch2n@newyorker.com,Female,214.236.27.229
97,Sean,Gibson,sgibson2o@phoca.cz,Male,137.227.107.12
98,Teresa,Robinson,trobinson2p@list-manage.com,Female,194.44.15.70
99,Justin,Mills,jmills2q@smh.com.au,Male,62.209.240.174
100,Melissa,Brooks,mbrooks2r@chron.com,Female,24.198.35.229
101,Benjamin,Carr,bcarr2s@samsung.com,Male,46.226.119.181
102,Joan,Jordan,jjordan2t@springer.com,Female,86.158.119.138
103,Carol,Andrews,candrews2u@topsy.com,Female,188.131.108.154
104,Kimberly,Garrett,kgarrett2v@gizmodo.com,Female,186.252.46.147
105,Earl,Welch,ewelch2w@alexa.com,Male,53.160.182.240
106,Anne,Robinson,arobinson2x@biglobe.ne.jp,Female,36.239.172.170
107,Charles,Wagner,cwagner2y@ibm.com,Male,222.227.240.158
108,Jimmy,Porter,jporter2z@guardian.co.uk,Male,3.53.174.140
109,Martha,Ryan,mryan30@skyrock.com,Female,166.107.138.88
110,Jennifer,Wells,jwells31@wikia.com,Female,71.218.74.127
111,Walter,Garza,wgarza32@biglobe.ne.jp,Male,239.179.195.44
112,Edward,Boyd,eboyd33@list-manage.com,Male,49.238.242.204
113,Henry,Watson,hwatson34@altervista.org,Male,228.211.23.94
114,Debra,Harvey,dharvey35@geocities.com,Female,58.228.174.155
115,Antonio,Brown,abrown36@soundcloud.com,Male,94.204.165.133
116,Larry,Patterson,lpatterson37@blogspot.com,Male,56.144.29.237
117,Justin,Hunt,jhunt38@bing.com,Male,128.99.72.207
118,Brenda,Collins,bcollins39@flickr.com,Female,222.250.253.82
119,Joseph,Clark,jclark3a@bloglovin.com,Male,81.0.44.91
120,Chris,Hall,chall3b@psu.edu,Male,176.84.237.249
121,Mary,Fisher,mfisher3c@ovh.net,Female,212.223.219.120
122,Pamela,Payne,ppayne3d@alexa.com,Female,128.112.182.237
123,Marilyn,Richards,mrichards3e@pinterest.com,Female,21.16.248.166
124,Matthew,Burke,mburke3f@wp.com,Male,254.155.1.100
125,Mark,Anderson,manderson3g@yellowpages.com,Male,106.228.73.110
126,Patrick,Ryan,pryan3h@webnode.com,Male,89.26.142.74
127,Roy,Walker,rwalker3i@java.com,Male,199.11.104.5
128,Cheryl,Young,cyoung3j@wsj.com,Female,200.126.73.72
129,Jane,Gutierrez,jgutierrez3k@fema.gov,Female,26.84.182.199
130,Victor,Richards,vrichards3l@opensource.org,Male,119.207.211.122
131,Steve,Montgomery,smontgomery3m@linkedin.com,Male,209.225.170.49
132,Denise,Meyer,dmeyer3n@statcounter.com,Female,161.213.198.32
133,Sarah,Roberts,sroberts3o@amazon.co.jp,Female,79.87.207.30
134,Marilyn,Powell,mpowell3p@symantec.com,Female,165.209.112.12
135,Marie,White,mwhite3q@i2i.jp,Female,139.30.77.16
136,Norma,Gardner,ngardner3r@whitehouse.gov,Female,242.253.192.164
137,Lois,Evans,levans3s@shinystat.com,Female,75.67.5.183
138,Harold,Howard,hhoward3t@wikia.com,Male,18.73.115.67
139,Amanda,Smith,asmith3u@prlog.org,Female,88.184.163.144
140,Willie,Elliott,welliott3v@storify.com,Male,172.175.56.17
141,Ronald,Perez,rperez3w@irs.gov,Male,236.174.245.113
142,Katherine,Alvarez,kalvarez3x@joomla.org,Female,244.177.252.244
143,Jeffrey,Daniels,jdaniels3y@nydailynews.com,Male,46.250.227.35
144,Randy,Hawkins,rhawkins3z@loc.gov,Male,154.174.108.174
145,Joan,Ryan,jryan40@yolasite.com,Female,59.204.112.242
146,John,Gonzales,jgonzales41@engadget.com,Male,181.83.190.29
147,George,Gray,ggray42@shareasale.com,Male,167.181.203.19
148,Chris,Carpenter,ccarpenter43@paypal.com,Male,77.102.168.212
149,Scott,Johnson,sjohnson44@xinhuanet.com,Male,162.26.33.40
150,Phyllis,Thompson,pthompson45@cnn.com,Female,96.12.81.139
151,Thomas,Hamilton,thamilton46@ihg.com,Male,33.102.142.29
152,Ronald,Lawson,rlawson47@walmart.com,Male,187.69.186.15
153,Gary,Gray,ggray48@blog.com,Male,106.85.134.45
154,Nicholas,Franklin,nfranklin49@foxnews.com,Male,133.253.161.219
155,Cheryl,Young,cyoung4a@people.com.cn,Female,95.73.237.152
156,Robin,Alvarez,ralvarez4b@omniture.com,Female,236.25.164.194
157,Maria,Carter,mcarter4c@yelp.com,Female,137.205.74.55
158,Albert,Bell,abell4d@networksolutions.com,Male,96.39.160.111
159,Joan,Gray,jgray4e@angelfire.com,Female,126.160.11.243
160,Kathy,Watkins,kwatkins4f@nsw.gov.au,Female,217.178.7.41
161,Christina,Harper,charper4g@ihg.com,Female,248.166.53.79
162,Louise,Simpson,lsimpson4h@squidoo.com,Female,110.216.46.96
163,Heather,Walker,hwalker4i@sakura.ne.jp,Female,114.93.147.21
164,Ernest,Duncan,eduncan4j@woothemes.com,Male,141.249.244.225
165,Janet,Ellis,jellis4k@who.int,Female,145.34.8.129
166,Julia,Kelley,jkelley4l@homestead.com,Female,43.188.251.141
167,Margaret,Howard,mhoward4m@sina.com.cn,Female,248.48.227.66
168,Kenneth,Long,klong4n@weather.com,Male,13.37.221.4
169,Nicholas,West,nwest4o@google.it,Male,72.94.109.10
170,Virginia,Myers,vmyers4p@theatlantic.com,Female,245.247.236.25
171,Marilyn,Adams,madams4q@dyndns.org,Female,234.228.172.196
172,Kathy,Hughes,khughes4r@miitbeian.gov.cn,Female,220.98.224.187
173,Jeffrey,Ortiz,jortiz4s@nymag.com,Male,226.183.247.19
174,Dorothy,Johnson,djohnson4t@elpais.com,Female,116.198.96.59
175,Bruce,Henry,bhenry4u@blogspot.com,Male,177.0.201.125
176,Christopher,Meyer,cmeyer4v@boston.com,Male,174.178.193.196
177,Harry,Payne,hpayne4w@tiny.cc,Male,163.61.161.32
178,Marie,Ramos,mramos4x@infoseek.co.jp,Female,150.254.203.223
179,Donald,Perez,dperez4y@t.co,Male,253.108.43.214
180,Ralph,Hart,rhart4z@princeton.edu,Male,192.183.181.27
181,Chris,Lopez,clopez50@altervista.org,Male,227.97.190.95
182,Joan,Brooks,jbrooks51@tripod.com,Female,54.194.55.167
183,Andrea,Kelley,akelley52@csmonitor.com,Female,97.112.198.212
184,William,Olson,wolson53@telegraph.co.uk,Male,90.64.253.170
185,Pamela,Patterson,ppatterson54@thetimes.co.uk,Female,51.116.71.142
186,Sarah,Boyd,sboyd55@theatlantic.com,Female,115.119.159.68
187,Maria,Stanley,mstanley56@prnewswire.com,Female,254.148.162.167
188,Anne,Banks,abanks57@quantcast.com,Female,147.82.36.190
189,Walter,Lawrence,wlawrence58@phpbb.com,Male,80.176.2.58
190,Steve,Franklin,sfranklin59@paypal.com,Male,64.134.62.217
191,Judith,Alvarez,jalvarez5a@mail.ru,Female,4.207.148.211
192,Martin,Lee,mlee5b@phpbb.com,Male,34.139.178.50
193,Howard,Gardner,hgardner5c@vistaprint.com,Male,7.121.105.186
194,Johnny,Hamilton,jhamilton5d@cisco.com,Male,53.39.14.101
195,Diana,Gardner,dgardner5e@networkadvertising.org,Female,66.21.201.175
196,David,Evans,devans5f@yelp.com,Male,232.103.109.129
197,Alice,Stevens,astevens5g@ucoz.ru,Female,137.216.15.47
198,Daniel,Nguyen,dnguyen5h@sakura.ne.jp,Male,75.22.210.134
199,Angela,Peterson,apeterson5i@paypal.com,Female,130.198.53.218
200,Rose,Burton,rburton5j@posterous.com,Female,18.202.146.236
201,Jacqueline,Holmes,jholmes5k@ning.com,Female,179.74.123.114
202,Jonathan,Baker,jbaker5l@netscape.com,Male,101.147.5.64
203,Sharon,Bradley,sbradley5m@posterous.com,Female,24.57.182.124
204,Michael,Reed,mreed5n@themeforest.net,Male,89.56.41.185
205,Julie,Ryan,jryan5o@goodreads.com,Female,137.61.100.226
206,Gerald,Howard,ghoward5p@woothemes.com,Male,141.248.162.236
207,Peter,Palmer,ppalmer5q@bloglovin.com,Male,196.177.56.11
208,Emily,Carter,ecarter5r@feedburner.com,Female,123.253.117.98
209,Emily,Flores,eflores5s@networkadvertising.org,Female,79.191.178.68
210,Heather,Mills,hmills5t@google.cn,Female,186.142.3.85
211,Tina,Garza,tgarza5u@blinklist.com,Female,11.82.12.99
212,Evelyn,Austin,eaustin5v@drupal.org,Female,242.115.50.133
213,Jack,Torres,jtorres5w@nymag.com,Male,230.113.38.197
214,Jack,Gonzales,jgonzales5x@upenn.edu,Male,136.200.178.38
215,Dennis,Butler,dbutler5y@walmart.com,Male,61.79.253.30
216,Doris,Patterson,dpatterson5z@woothemes.com,Female,136.252.208.78
217,Jacqueline,Hanson,jhanson60@archive.org,Female,99.20.100.92
218,Emily,Harvey,eharvey61@ehow.com,Female,98.254.81.159
219,Ruth,Hunter,rhunter62@mapy.cz,Female,241.48.134.206
220,Jesse,Fields,jfields63@digg.com,Male,0.168.0.64
221,Rebecca,Hudson,rhudson64@google.nl,Female,6.166.190.132
222,Janet,Bishop,jbishop65@sitemeter.com,Female,118.147.55.146
223,Christine,Diaz,cdiaz66@w3.org,Female,162.28.152.58
224,Dennis,Henry,dhenry67@so-net.ne.jp,Male,174.3.222.188
225,Eugene,Wagner,ewagner68@mozilla.com,Male,6.34.216.17
226,Helen,Olson,holson69@goodreads.com,Female,101.5.180.20
227,Willie,Moreno,wmoreno6a@unblog.fr,Male,185.243.220.21
228,Ruth,Hunt,rhunt6b@lulu.com,Female,10.37.170.92
229,Douglas,Kelley,dkelley6c@mysql.com,Male,49.5.237.37
230,Randy,Hunt,rhunt6d@simplemachines.org,Male,90.222.216.140
231,Alice,Lee,alee6e@behance.net,Female,192.115.155.238
232,Emily,Hansen,ehansen6f@is.gd,Female,184.41.133.243
233,Scott,Larson,slarson6g@bizjournals.com,Male,120.22.102.202
234,Kathy,Roberts,kroberts6h@ucoz.ru,Female,140.57.239.24
235,Annie,Black,ablack6i@live.com,Female,252.197.209.176
236,Rebecca,Wilson,rwilson6j@surveymonkey.com,Female,78.236.102.141
237,Joe,Berry,jberry6k@scribd.com,Male,84.52.15.43
238,Nancy,Daniels,ndaniels6l@dyndns.org,Female,108.145.107.169
239,Kenneth,Weaver,kweaver6m@bing.com,Male,160.209.109.210
240,Annie,Mccoy,amccoy6n@weather.com,Female,215.91.10.147
241,Shirley,Mason,smason6o@nps.gov,Female,174.251.92.156
242,John,Nelson,jnelson6p@tripadvisor.com,Male,162.172.31.18
243,William,Powell,wpowell6q@rediff.com,Male,100.143.19.207
244,Theresa,Mccoy,tmccoy6r@scribd.com,Female,74.3.131.34
245,Nicholas,Wagner,nwagner6s@wikipedia.org,Male,70.28.0.148
246,Roger,Thomas,rthomas6t@businessweek.com,Male,189.223.9.171
247,Kathryn,Austin,kaustin6u@wordpress.org,Female,84.51.38.183
248,Sean,Nichols,snichols6v@ebay.co.uk,Male,198.126.143.204
249,Lawrence,Hill,lhill6w@huffingtonpost.com,Male,10.10.101.155
250,Ernest,Nguyen,enguyen6x@zdnet.com,Male,29.166.172.69
251,Christina,Stewart,cstewart6y@buzzfeed.com,Female,97.64.81.48
252,Joyce,Butler,jbutler6z@bizjournals.com,Female,244.31.94.72
253,Heather,Rodriguez,hrodriguez70@examiner.com,Female,26.255.121.191
254,Donald,Davis,ddavis71@marriott.com,Male,249.164.27.178
255,Louis,Hunt,lhunt72@virginia.edu,Male,95.196.128.3
256,Teresa,Perry,tperry73@chronoengine.com,Female,215.193.223.94
257,Bonnie,Flores,bflores74@altervista.org,Female,71.152.146.97
258,Chris,Hernandez,chernandez75@shutterfly.com,Male,8.203.74.193
259,Jane,Dunn,jdunn76@lycos.com,Female,236.59.13.210
260,Judith,West,jwest77@stumbleupon.com,Female,178.120.18.234
261,Kevin,Moreno,kmoreno78@twitter.com,Male,215.156.162.218
262,Jonathan,Owens,jowens79@123-reg.co.uk,Male,17.151.19.74
263,Betty,Shaw,bshaw7a@dyndns.org,Female,72.227.247.188
264,Barbara,Carroll,bcarroll7b@w3.org,Female,113.12.121.30
265,Mark,Phillips,mphillips7c@nih.gov,Male,186.40.61.235
266,Gary,Stewart,gstewart7d@engadget.com,Male,251.191.59.160
267,Ashley,Richardson,arichardson7e@redcross.org,Female,96.167.3.141
268,Virginia,Ward,vward7f@yelp.com,Female,5.2.169.64
269,Elizabeth,Ray,eray7g@facebook.com,Female,40.39.22.20
270,Kevin,Burton,kburton7h@meetup.com,Male,249.14.13.192
271,Anthony,Gray,agray7i@si.edu,Male,20.205.101.45
272,Walter,Armstrong,warmstrong7j@ebay.com,Male,150.202.177.5
273,Gregory,Alexander,galexander7k@microsoft.com,Male,241.114.159.29
274,Angela,Larson,alarson7l@blogs.com,Female,17.165.115.23
275,Rose,Richardson,rrichardson7m@ovh.net,Female,111.80.70.66
276,Scott,White,swhite7n@prlog.org,Male,126.202.32.64
277,Anne,Garza,agarza7o@engadget.com,Female,219.29.229.48
278,Antonio,Mason,amason7p@cnet.com,Male,243.21.54.157
279,Shawn,Schmidt,sschmidt7q@archive.org,Male,109.231.47.200
280,Harold,Bowman,hbowman7r@mit.edu,Male,115.21.182.246
281,Shawn,Crawford,scrawford7s@storify.com,Male,105.180.198.133
282,Edward,Hill,ehill7t@nasa.gov,Male,220.154.68.122
283,Norma,Smith,nsmith7u@digg.com,Female,184.254.189.142
284,Mary,Perkins,mperkins7v@amazon.com,Female,173.169.92.11
285,Shirley,Miller,smiller7w@exblog.jp,Female,225.209.127.35
286,Kevin,Bailey,kbailey7x@mail.ru,Male,237.195.207.64
287,Shirley,Henry,shenry7y@nymag.com,Female,252.56.217.69
288,Heather,Martin,hmartin7z@paypal.com,Female,163.222.221.174
289,Doris,Murray,dmurray80@illinois.edu,Female,173.91.76.59
290,Jennifer,Romero,jromero81@yahoo.com,Female,221.52.184.226
291,Andrea,Duncan,aduncan82@irs.gov,Female,205.142.177.50
292,Philip,Torres,ptorres83@netlog.com,Male,83.61.38.122
293,Joshua,Oliver,joliver84@google.com.hk,Male,20.207.57.7
294,Alice,Reynolds,areynolds85@pen.io,Female,204.120.110.165
295,Johnny,Mills,jmills86@irs.gov,Male,255.225.163.90
296,Patricia,White,pwhite87@harvard.edu,Female,124.108.52.204
297,Douglas,Johnson,djohnson88@squidoo.com,Male,45.236.215.233
298,Lisa,Hughes,lhughes89@europa.eu,Female,146.232.191.87
299,Jason,Greene,jgreene8a@merriam-webster.com,Male,192.147.94.84
300,Cheryl,Freeman,cfreeman8b@wp.com,Female,222.18.58.212
301,Roger,Brown,rbrown8c@sina.com.cn,Male,60.74.32.225
302,Rachel,Pierce,rpierce8d@berkeley.edu,Female,201.149.67.139
303,Stephanie,Kelly,skelly8e@sourceforge.net,Female,161.80.154.168
304,Brenda,Harris,bharris8f@51.la,Female,25.8.191.59
305,Linda,Wallace,lwallace8g@mit.edu,Female,238.120.108.54
306,Sean,Howell,showell8h@theatlantic.com,Male,83.150.132.219
307,Russell,Kim,rkim8i@unc.edu,Male,123.84.233.37
308,Kathy,Gonzalez,kgonzalez8j@liveinternet.ru,Female,81.178.156.142
309,Dorothy,Jacobs,djacobs8k@google.it,Female,132.242.164.20
310,Joan,Medina,jmedina8l@japanpost.jp,Female,40.178.238.5
311,Thomas,Lane,tlane8m@jugem.jp,Male,238.213.213.116
312,Steven,Holmes,sholmes8n@feedburner.com,Male,218.201.150.149
313,Shirley,Franklin,sfranklin8o@chronoengine.com,Female,173.248.56.227
314,Marie,Watkins,mwatkins8p@omniture.com,Female,30.17.207.65
315,Willie,Morales,wmorales8q@hugedomains.com,Male,136.32.50.31
316,Debra,Sanders,dsanders8r@webs.com,Female,236.161.134.66
317,Kevin,Dean,kdean8s@alibaba.com,Male,92.52.51.18
318,Harold,Gardner,hgardner8t@youtu.be,Male,150.166.82.148
319,Mark,Taylor,mtaylor8u@ca.gov,Male,79.144.223.93
320,Barbara,Richards,brichards8v@sciencedaily.com,Female,32.112.21.68
321,Jean,Banks,jbanks8w@nationalgeographic.com,Female,214.136.91.47
322,Randy,Woods,rwoods8x@com.com,Male,222.208.231.162
323,Brenda,Mccoy,bmccoy8y@noaa.gov,Female,223.238.100.202
324,Michael,Romero,mromero8z@godaddy.com,Male,181.214.71.98
325,Andrew,Richards,arichards90@jimdo.com,Male,235.6.3.217
326,Ronald,Montgomery,rmontgomery91@furl.net,Male,86.19.190.129
327,Raymond,Moreno,rmoreno92@google.nl,Male,29.97.148.140
328,Emily,Ruiz,eruiz93@over-blog.com,Female,252.150.191.1
329,Patricia,Lawson,plawson94@loc.gov,Female,128.111.105.47
330,Frances,Moore,fmoore95@prnewswire.com,Female,208.115.15.42
331,Kathy,Hawkins,khawkins96@google.co.jp,Female,176.89.241.88
332,Christopher,Parker,cparker97@eepurl.com,Male,80.217.62.234
333,John,Black,jblack98@imdb.com,Male,1.225.93.32
334,Stephanie,Shaw,sshaw99@com.com,Female,36.189.103.24
335,Bobby,Stewart,bstewart9a@php.net,Male,117.58.183.106
336,Brandon,Richards,brichards9b@washington.edu,Male,83.137.128.121
337,Tina,Simmons,tsimmons9c@feedburner.com,Female,241.224.134.218
338,Andrew,Perry,aperry9d@people.com.cn,Male,253.16.32.34
339,Theresa,Wallace,twallace9e@ed.gov,Female,5.37.140.198
340,Andrea,Flores,aflores9f@spiegel.de,Female,167.51.157.131
341,Bobby,Moreno,bmoreno9g@squarespace.com,Male,191.188.214.228
342,Evelyn,Morrison,emorrison9h@zimbio.com,Female,241.112.28.51
343,Jason,Crawford,jcrawford9i@yahoo.co.jp,Male,17.69.238.19
344,Phillip,Powell,ppowell9j@harvard.edu,Male,200.242.24.1
345,Steve,Carr,scarr9k@telegraph.co.uk,Male,57.199.147.35
346,Kathryn,Mendoza,kmendoza9l@usda.gov,Female,140.167.145.154
347,Benjamin,Mcdonald,bmcdonald9m@mac.com,Male,27.194.243.44
348,Johnny,Frazier,jfrazier9n@irs.gov,Male,54.205.206.249
349,Donald,Cole,dcole9o@google.com.au,Male,17.211.165.198
350,Mildred,Ramos,mramos9p@mapquest.com,Female,152.185.47.186
351,Jerry,Reynolds,jreynolds9q@eventbrite.com,Male,56.238.181.227
352,Kathleen,Scott,kscott9r@hhs.gov,Female,143.195.159.93
353,Matthew,Fernandez,mfernandez9s@thetimes.co.uk,Male,227.183.81.26
354,Carolyn,Owens,cowens9t@un.org,Female,112.19.34.203
355,Alan,Owens,aowens9u@cocolog-nifty.com,Male,220.149.18.57
356,Rose,Williams,rwilliams9v@goo.ne.jp,Female,86.157.189.68
357,Wanda,Henderson,whenderson9w@blogs.com,Female,44.207.135.86
358,Craig,Hart,chart9x@wordpress.com,Male,192.57.178.167
359,David,Baker,dbaker9y@free.fr,Male,53.55.5.19
360,Pamela,Simpson,psimpson9z@theguardian.com,Female,239.152.142.74
361,Bruce,Gray,bgraya0@state.gov,Male,221.70.14.196
362,Shirley,Garrett,sgarretta1@soundcloud.com,Female,203.62.90.143
363,Daniel,Ryan,dryana2@yale.edu,Male,168.69.253.156
364,Samuel,Price,spricea3@over-blog.com,Male,0.130.118.88
365,Steve,Carter,scartera4@va.gov,Male,161.2.92.149
366,Andrew,Gonzalez,agonzaleza5@posterous.com,Male,119.74.96.150
367,Bobby,Richards,brichardsa6@arizona.edu,Male,239.227.95.16
368,Irene,Burton,iburtona7@hatena.ne.jp,Female,215.157.131.23
369,Michael,Griffin,mgriffina8@mayoclinic.com,Male,123.82.162.181
370,Ashley,Wright,awrighta9@ft.com,Female,170.96.213.223
371,Lawrence,Palmer,lpalmeraa@slashdot.org,Male,25.14.104.65
372,Nicholas,Carpenter,ncarpenterab@phpbb.com,Male,95.150.247.136
373,Jean,Elliott,jelliottac@cornell.edu,Female,233.32.159.104
374,Cynthia,Nguyen,cnguyenad@nifty.com,Female,38.242.91.227
375,Lillian,Hunter,lhunterae@domainmarket.com,Female,139.149.82.79
376,Linda,Owens,lowensaf@phpbb.com,Female,224.172.163.80
377,Elizabeth,Alexander,ealexanderag@360.cn,Female,125.92.10.217
378,Jerry,Owens,jowensah@adobe.com,Male,131.97.245.202
379,Timothy,Mason,tmasonai@earthlink.net,Male,211.36.228.126
380,Kevin,Lynch,klynchaj@shareasale.com,Male,28.211.11.245
381,William,Rodriguez,wrodriguezak@twitter.com,Male,7.159.162.152
382,Susan,Hunt,shuntal@desdev.cn,Female,203.201.238.158
383,Janet,Meyer,jmeyeram@forbes.com,Female,145.166.84.143
384,Beverly,Bryant,bbryantan@nifty.com,Female,4.34.25.139
385,Margaret,Brooks,mbrooksao@answers.com,Female,144.185.222.212
386,Sharon,Payne,spayneap@japanpost.jp,Female,191.191.31.220
387,Pamela,Wells,pwellsaq@issuu.com,Female,240.172.189.154
388,Lisa,Black,lblackar@comcast.net,Female,214.223.110.6
389,Sandra,Ward,swardas@liveinternet.ru,Female,162.21.94.38
390,Diana,Edwards,dedwardsat@themeforest.net,Female,175.42.177.145
391,Emily,Garcia,egarciaau@msu.edu,Female,173.83.126.182
392,Wanda,Riley,wrileyav@tinyurl.com,Female,142.144.116.157
393,Larry,Olson,lolsonaw@mapquest.com,Male,97.25.96.61
394,Louise,Ross,lrossax@etsy.com,Female,45.119.229.126
395,Bobby,Simmons,bsimmonsay@mtv.com,Male,253.186.38.88
396,Heather,Bishop,hbishopaz@diigo.com,Female,201.11.148.159
397,Brenda,Morrison,bmorrisonb0@hexun.com,Female,6.229.78.213
398,Phillip,Diaz,pdiazb1@scribd.com,Male,160.77.229.244
399,Douglas,Adams,dadamsb2@hao123.com,Male,53.225.46.49
400,Helen,Robinson,hrobinsonb3@nhs.uk,Female,215.2.201.130
401,Kathryn,Mason,kmasonb4@imgur.com,Female,90.94.253.41
402,Carl,Olson,colsonb5@hatena.ne.jp,Male,215.148.213.21
403,Katherine,Stone,kstoneb6@cmu.edu,Female,12.122.125.193
404,Judith,Martin,jmartinb7@usatoday.com,Female,92.245.18.168
405,Lillian,Green,lgreenb8@un.org,Female,145.215.28.47
406,Marilyn,Oliver,moliverb9@wikispaces.com,Female,26.31.243.102
407,Karen,Garza,kgarzaba@marketwatch.com,Female,143.205.205.101
408,Andrew,Gray,agraybb@ask.com,Male,158.83.212.191
409,Lisa,Barnes,lbarnesbc@nature.com,Female,247.27.14.36
410,Anna,Watkins,awatkinsbd@usa.gov,Female,144.217.89.57
411,Joyce,Fuller,jfullerbe@trellian.com,Female,193.123.248.0
412,Deborah,Dixon,ddixonbf@theglobeandmail.com,Female,197.231.9.137
413,Andrew,Hart,ahartbg@over-blog.com,Male,166.140.59.54
414,Johnny,Frazier,jfrazierbh@wp.com,Male,153.68.41.82
415,Louis,Gonzalez,lgonzalezbi@pcworld.com,Male,31.81.206.28
416,Antonio,Ford,afordbj@huffingtonpost.com,Male,210.231.198.235
417,Diana,Webb,dwebbbk@china.com.cn,Female,88.208.122.241
418,Gregory,Hughes,ghughesbl@sphinn.com,Male,82.226.17.86
419,Rebecca,Cole,rcolebm@europa.eu,Female,39.53.229.71
420,Diana,Coleman,dcolemanbn@xinhuanet.com,Female,158.221.175.169
421,Paul,Cole,pcolebo@amazon.com,Male,39.103.136.129
422,Patrick,Allen,pallenbp@ebay.com,Male,129.86.245.34
423,Jeremy,Carroll,jcarrollbq@reverbnation.com,Male,11.214.136.44
424,Raymond,Hart,rhartbr@whitehouse.gov,Male,66.111.108.244
425,Steve,Gray,sgraybs@psu.edu,Male,131.19.52.227
426,Jessica,Thompson,jthompsonbt@senate.gov,Female,140.245.30.213
427,Marie,Gibson,mgibsonbu@list-manage.com,Female,186.143.216.10
428,Robert,Harris,rharrisbv@elegantthemes.com,Male,129.24.157.69
429,Sandra,Simmons,ssimmonsbw@hostgator.com,Female,79.236.87.186
430,Christina,Grant,cgrantbx@dagondesign.com,Female,114.201.141.113
431,Anna,Gilbert,agilbertby@miitbeian.gov.cn,Female,45.13.206.231
432,Andrea,Castillo,acastillobz@jigsy.com,Female,198.46.219.74
433,Chris,Perry,cperryc0@weebly.com,Male,36.169.221.228
434,Kathy,Romero,kromeroc1@squidoo.com,Female,145.79.123.202
435,Theresa,Mason,tmasonc2@gravatar.com,Female,44.244.60.142
436,Denise,Boyd,dboydc3@qq.com,Female,213.207.98.80
437,Wanda,George,wgeorgec4@cnet.com,Female,136.222.35.88
438,Chris,Foster,cfosterc5@bravesites.com,Male,166.189.217.194
439,Adam,Lawrence,alawrencec6@usgs.gov,Male,180.255.133.141
440,Stephen,Nichols,snicholsc7@shop-pro.jp,Male,12.150.9.145
441,Paul,Bailey,pbaileyc8@army.mil,Male,14.254.11.218
442,Billy,Roberts,brobertsc9@themeforest.net,Male,144.40.133.70
443,Walter,Bowman,wbowmanca@xinhuanet.com,Male,68.116.54.21
444,Lois,Walker,lwalkercb@multiply.com,Female,148.3.114.173
445,Jennifer,Parker,jparkercc@cdbaby.com,Female,241.66.125.136
446,Paul,Turner,pturnercd@microsoft.com,Male,67.64.181.29
447,Michael,Nelson,mnelsonce@redcross.org,Male,60.111.155.7
448,Antonio,Foster,afostercf@timesonline.co.uk,Male,220.106.208.90
449,Marilyn,Black,mblackcg@zimbio.com,Female,175.194.14.17
450,Lois,Cruz,lcruzch@nhs.uk,Female,11.248.206.157
451,William,Gutierrez,wgutierrezci@columbia.edu,Male,154.178.50.177
452,Russell,Mccoy,rmccoycj@salon.com,Male,248.228.22.104
453,Todd,Woods,twoodsck@quantcast.com,Male,43.177.92.38
454,Chris,Butler,cbutlercl@state.gov,Male,51.151.131.237
455,Jose,Bailey,jbaileycm@ustream.tv,Male,39.58.232.20
456,Johnny,Peters,jpeterscn@nifty.com,Male,15.232.113.170
457,Lawrence,Moore,lmooreco@abc.net.au,Male,190.24.111.87
458,Kelly,Harper,kharpercp@blogspot.com,Female,111.195.33.59
459,Gary,Henderson,ghendersoncq@umn.edu,Male,61.13.97.231
460,Tammy,Sims,tsimscr@cornell.edu,Female,60.114.177.244
461,Julia,Myers,jmyerscs@buzzfeed.com,Female,233.191.218.209
462,Billy,Day,bdayct@squarespace.com,Male,229.156.52.2
463,Robert,Brown,rbrowncu@mozilla.com,Male,221.230.2.118
464,Barbara,Long,blongcv@tripod.com,Female,80.177.11.76
465,Lawrence,Carter,lcartercw@toplist.cz,Male,228.46.100.147
466,Cynthia,Morales,cmoralescx@people.com.cn,Female,125.200.139.1
467,Walter,Hart,whartcy@time.com,Male,54.127.160.133
468,Wanda,Gordon,wgordoncz@umich.edu,Female,150.137.192.218
469,Melissa,Morgan,mmorgand0@apple.com,Female,81.213.13.76
470,Jason,Carroll,jcarrolld1@gravatar.com,Male,12.180.199.128
471,Craig,Simmons,csimmonsd2@slideshare.net,Male,11.127.51.192
472,Stephen,Alvarez,salvarezd3@a8.net,Male,200.175.32.189
473,Richard,Burns,rburnsd4@accuweather.com,Male,28.189.174.0
474,Steve,Kim,skimd5@storify.com,Male,106.176.214.210
475,Ashley,Jacobs,ajacobsd6@wp.com,Female,130.214.218.141
476,Katherine,Palmer,kpalmerd7@sogou.com,Female,182.129.178.80
477,Marilyn,Reyes,mreyesd8@time.com,Female,43.136.19.21
478,Carolyn,Fields,cfieldsd9@yellowbook.com,Female,164.128.18.224
479,Antonio,Butler,abutlerda@house.gov,Male,93.20.178.156
480,Jeremy,Simmons,jsimmonsdb@howstuffworks.com,Male,87.159.97.75
481,Susan,Long,slongdc@wordpress.org,Female,15.92.58.244
482,Paula,Wilson,pwilsondd@cbc.ca,Female,6.86.34.71
483,Fred,Meyer,fmeyerde@storify.com,Male,193.2.191.7
484,John,Simpson,jsimpsondf@amazon.co.uk,Male,213.101.209.78
485,Kathy,Stone,kstonedg@epa.gov,Female,129.163.4.79
486,Albert,Ward,awarddh@360.cn,Male,146.122.107.74
487,Gloria,Olson,golsondi@soundcloud.com,Female,188.95.77.103
488,Steven,Berry,sberrydj@cocolog-nifty.com,Male,24.76.154.116
489,Kathryn,Garza,kgarzadk@posterous.com,Female,247.218.204.234
490,Carolyn,Griffin,cgriffindl@miitbeian.gov.cn,Female,226.63.130.111
491,Annie,Fowler,afowlerdm@51.la,Female,126.156.251.133
492,Wanda,Andrews,wandrewsdn@google.ru,Female,127.249.15.226
493,Jerry,Ramos,jramosdo@nasa.gov,Male,201.5.51.253
494,Victor,Jones,vjonesdp@quantcast.com,Male,126.140.113.250
495,Rebecca,Black,rblackdq@washington.edu,Female,235.117.136.13
496,Russell,Alexander,ralexanderdr@wsj.com,Male,159.253.192.156
497,Jennifer,Hicks,jhicksds@photobucket.com,Female,70.236.247.68
498,Diane,Gibson,dgibsondt@comsenz.com,Female,228.172.18.223
499,Gloria,Rodriguez,grodriguezdu@un.org,Female,1.250.21.127
500,Eugene,Butler,ebutlerdv@techcrunch.com,Male,25.218.44.147
501,George,Wells,gwellsdw@cafepress.com,Male,48.85.147.8
502,Wayne,Collins,wcollinsdx@wikipedia.org,Male,47.111.249.206
503,Janet,Turner,jturnerdy@arstechnica.com,Female,228.86.83.232
504,Lawrence,Miller,lmillerdz@wufoo.com,Male,16.90.214.163
505,Willie,Smith,wsmithe0@newsvine.com,Male,64.199.69.195
506,Robert,Bishop,rbishope1@infoseek.co.jp,Male,222.138.202.117
507,Jane,Sullivan,jsullivane2@state.tx.us,Female,135.121.150.190
508,Jeffrey,Mills,jmillse3@deviantart.com,Male,48.90.154.231
509,George,Hanson,ghansone4@amazon.co.jp,Male,155.37.100.53
510,Diane,Morales,dmoralese5@umn.edu,Female,60.62.189.254
511,Jonathan,Fuller,jfullere6@amazon.co.jp,Male,237.218.90.59
512,Matthew,Thompson,mthompsone7@si.edu,Male,226.38.17.187
513,Dorothy,Kennedy,dkennedye8@ning.com,Female,178.117.191.58
514,Jeremy,Spencer,jspencere9@scribd.com,Male,154.55.28.154
515,Jean,Robertson,jrobertsonea@seattletimes.com,Female,88.225.92.73
516,Lois,Kelly,lkellyeb@hc360.com,Female,208.139.245.34
517,Karen,Sanders,ksandersec@surveymonkey.com,Female,131.221.100.162
518,Alan,Stewart,astewarted@mtv.com,Male,136.148.83.170
519,Anthony,Clark,aclarkee@google.ru,Male,97.24.7.186
520,Melissa,Thompson,mthompsonef@topsy.com,Female,102.66.252.231
521,Margaret,Foster,mfostereg@google.es,Female,184.106.138.175
522,Sara,Allen,salleneh@t.co,Female,112.199.80.50
523,James,Wallace,jwallaceei@apache.org,Male,191.200.214.192
524,Antonio,Ford,afordej@yellowpages.com,Male,138.28.214.169
525,Susan,Meyer,smeyerek@ibm.com,Female,246.114.19.144
526,Victor,Jacobs,vjacobsel@ebay.com,Male,112.1.7.95
527,Cynthia,Castillo,ccastilloem@seesaa.net,Female,251.116.115.123
528,Matthew,Ward,mwarden@feedburner.com,Male,245.214.62.245
529,Justin,Ellis,jelliseo@hatena.ne.jp,Male,35.183.140.116
530,Donna,Wilson,dwilsonep@angelfire.com,Female,137.210.35.155
531,Wanda,Kelley,wkelleyeq@yelp.com,Female,94.22.125.152
532,Tina,Anderson,tandersoner@forbes.com,Female,77.187.200.87
533,Kevin,Romero,kromeroes@webmd.com,Male,175.34.24.40
534,Frank,Fernandez,ffernandezet@msu.edu,Male,25.236.94.63
535,Nicholas,James,njameseu@ca.gov,Male,100.72.36.214
536,Beverly,Grant,bgrantev@dedecms.com,Female,147.213.243.140
537,James,Hunter,jhunterew@tiny.cc,Male,96.133.183.247
538,Charles,Elliott,celliottex@amazon.com,Male,60.245.252.8
539,Eric,Johnson,ejohnsoney@cnn.com,Male,74.252.188.227
540,Adam,Lee,aleeez@purevolume.com,Male,236.41.127.55
541,Carol,Wood,cwoodf0@themeforest.net,Female,50.225.39.62
542,Kathryn,Thomas,kthomasf1@buzzfeed.com,Female,103.239.149.125
543,John,Hicks,jhicksf2@tripod.com,Male,236.92.140.68
544,Fred,Torres,ftorresf3@imageshack.us,Male,95.69.18.147
545,Victor,Little,vlittlef4@youtube.com,Male,10.154.155.133
546,Mildred,Moreno,mmorenof5@friendfeed.com,Female,50.116.92.54
547,Annie,Hart,ahartf6@shinystat.com,Female,158.251.79.51
548,Julia,Matthews,jmatthewsf7@elpais.com,Female,59.225.145.37
549,Jimmy,Davis,jdavisf8@techcrunch.com,Male,89.14.88.223
550,Thomas,Nelson,tnelsonf9@studiopress.com,Male,46.109.19.119
551,Sean,Mccoy,smccoyfa@columbia.edu,Male,171.15.44.164
552,Judith,James,jjamesfb@privacy.gov.au,Female,69.150.229.221
553,Bonnie,Johnson,bjohnsonfc@umn.edu,Female,199.20.246.189
554,Melissa,Williams,mwilliamsfd@over-blog.com,Female,88.195.169.167
555,Juan,Day,jdayfe@bandcamp.com,Male,154.111.190.15
556,Todd,Ray,trayff@tiny.cc,Male,164.211.107.66
557,Craig,Reyes,creyesfg@privacy.gov.au,Male,193.199.43.3
558,Maria,Duncan,mduncanfh@tumblr.com,Female,114.58.216.244
559,William,Cunningham,wcunninghamfi@github.com,Male,240.161.142.224
560,Cynthia,Fuller,cfullerfj@newyorker.com,Female,86.200.125.8
561,Samuel,Fields,sfieldsfk@woothemes.com,Male,7.162.114.62
562,Marilyn,Murphy,mmurphyfl@usa.gov,Female,235.145.244.109
563,Chris,Watson,cwatsonfm@dell.com,Male,76.95.211.43
564,Marilyn,Hunt,mhuntfn@printfriendly.com,Female,251.208.123.186
565,Barbara,Rogers,brogersfo@chicagotribune.com,Female,143.205.227.139
566,Sharon,Ross,srossfp@biblegateway.com,Female,182.115.219.106
567,Ernest,Hayes,ehayesfq@purevolume.com,Male,223.101.177.246
568,Judy,Bell,jbellfr@t.co,Female,55.75.41.251
569,Scott,Simpson,ssimpsonfs@constantcontact.com,Male,37.183.61.254
570,Edward,Burke,eburkeft@mac.com,Male,14.30.1.81
571,Karen,Greene,kgreenefu@examiner.com,Female,181.34.94.252
572,Willie,Marshall,wmarshallfv@twitpic.com,Male,2.51.108.228
573,Mark,Ross,mrossfw@epa.gov,Male,69.20.193.142
574,Gary,Morales,gmoralesfx@lulu.com,Male,37.105.155.38
575,Joshua,Spencer,jspencerfy@accuweather.com,Male,119.197.143.115
576,Randy,Crawford,rcrawfordfz@oakley.com,Male,34.209.108.22
577,Carolyn,Cox,ccoxg0@bravesites.com,Female,195.64.12.251
578,Patricia,Nguyen,pnguyeng1@yahoo.co.jp,Female,196.116.190.228
579,Jean,Reed,jreedg2@tinyurl.com,Female,77.37.79.23
580,Louise,Richardson,lrichardsong3@webmd.com,Female,253.189.37.143
581,Betty,Flores,bfloresg4@bloglines.com,Female,46.122.249.183
582,Tammy,Rodriguez,trodriguezg5@weebly.com,Female,152.50.125.106
583,Ernest,Webb,ewebbg6@rakuten.co.jp,Male,185.144.32.149
584,Kathy,Henderson,khendersong7@netlog.com,Female,75.153.74.39
585,Matthew,Fuller,mfullerg8@toplist.cz,Male,92.126.216.234
586,Jason,Ferguson,jfergusong9@diigo.com,Male,158.56.71.72
587,Ann,Riley,arileyga@thetimes.co.uk,Female,118.189.142.40
588,Alan,Torres,atorresgb@altervista.org,Male,232.186.200.39
589,Andrew,Hudson,ahudsongc@tiny.cc,Male,74.59.202.101
590,Joseph,Murray,jmurraygd@jugem.jp,Male,127.172.188.33
591,Paul,Thompson,pthompsonge@imgur.com,Male,209.205.132.37
592,Gary,Frazier,gfraziergf@wix.com,Male,229.49.208.202
593,Roy,Ray,rraygg@a8.net,Male,138.54.252.76
594,Alice,Rodriguez,arodriguezgh@4shared.com,Female,27.104.4.140
595,Adam,Olson,aolsongi@purevolume.com,Male,81.158.28.55
596,Jerry,Butler,jbutlergj@whitehouse.gov,Male,170.227.140.119
597,Lois,Bryant,lbryantgk@cdc.gov,Female,134.32.149.120
598,Teresa,Vasquez,tvasquezgl@xing.com,Female,115.152.142.186
599,Jane,Martinez,jmartinezgm@jimdo.com,Female,165.173.54.223
600,Jerry,Woods,jwoodsgn@edublogs.org,Male,63.13.105.191
601,Katherine,Gordon,kgordongo@amazon.co.uk,Female,216.188.64.245
602,Jose,Hughes,jhughesgp@php.net,Male,199.51.40.117
603,Michelle,Ortiz,mortizgq@china.com.cn,Female,120.49.94.79
604,Joe,Allen,jallengr@cdc.gov,Male,121.79.121.164
605,Paul,Ross,prossgs@webnode.com,Male,211.127.67.69
606,Anthony,Garcia,agarciagt@privacy.gov.au,Male,21.171.188.245
607,Nicole,Mills,nmillsgu@twitpic.com,Female,147.12.155.164
608,James,Perry,jperrygv@aboutads.info,Male,6.40.183.160
609,Susan,Bradley,sbradleygw@telegraph.co.uk,Female,89.29.195.143
610,Donna,Kelly,dkellygx@printfriendly.com,Female,72.131.15.164
611,Harry,Gordon,hgordongy@furl.net,Male,37.133.29.110
612,Timothy,Simpson,tsimpsongz@nyu.edu,Male,113.21.164.207
613,Carlos,Bradley,cbradleyh0@mozilla.org,Male,226.149.176.39
614,Harold,Hart,hharth1@fda.gov,Male,67.171.225.44
615,Johnny,Cox,jcoxh2@example.com,Male,53.201.217.145
616,Benjamin,Wallace,bwallaceh3@hc360.com,Male,196.243.106.164
617,Walter,Olson,wolsonh4@mozilla.org,Male,177.2.76.95
618,Brandon,Crawford,bcrawfordh5@oaic.gov.au,Male,216.53.84.36
619,Evelyn,Richardson,erichardsonh6@ucsd.edu,Female,144.209.9.205
620,Walter,Vasquez,wvasquezh7@desdev.cn,Male,129.159.84.223
621,Samuel,Shaw,sshawh8@drupal.org,Male,165.119.235.209
622,Clarence,Black,cblackh9@hugedomains.com,Male,26.172.79.45
623,Adam,Barnes,abarnesha@freewebs.com,Male,40.241.187.130
624,Catherine,Sanders,csandershb@odnoklassniki.ru,Female,140.185.34.25
625,Nancy,Ramos,nramoshc@answers.com,Female,147.233.206.172
626,Frances,Mitchell,fmitchellhd@wisc.edu,Female,170.5.101.67
627,Mary,Evans,mevanshe@yale.edu,Female,221.193.50.34
628,Daniel,Cooper,dcooperhf@symantec.com,Male,147.28.193.120
629,Stephanie,Martinez,smartinezhg@gmpg.org,Female,134.72.9.66
630,Carol,Mason,cmasonhh@state.tx.us,Female,224.238.78.194
631,Theresa,Cook,tcookhi@yandex.ru,Female,197.29.217.67
632,Scott,Marshall,smarshallhj@google.co.jp,Male,14.190.29.212
633,Adam,Reid,areidhk@home.pl,Male,184.89.3.52
634,Jeremy,Medina,jmedinahl@census.gov,Male,250.20.113.45
635,Heather,Brown,hbrownhm@google.ca,Female,80.154.252.119
636,Larry,Washington,lwashingtonhn@skyrock.com,Male,123.207.187.159
637,Debra,Lawson,dlawsonho@imdb.com,Female,103.25.35.228
638,Thomas,Carr,tcarrhp@vimeo.com,Male,135.146.250.11
639,Michelle,Marshall,mmarshallhq@engadget.com,Female,168.158.67.65
640,Sean,Kim,skimhr@bloomberg.com,Male,75.137.69.45
641,Ann,Robinson,arobinsonhs@google.pl,Female,154.165.209.14
642,Patrick,Mason,pmasonht@usnews.com,Male,109.135.90.15
643,Kathy,Vasquez,kvasquezhu@parallels.com,Female,194.246.72.196
644,Beverly,Mills,bmillshv@wufoo.com,Female,190.73.27.80
645,Andrew,Torres,atorreshw@google.ca,Male,78.233.32.0
646,Joyce,Price,jpricehx@studiopress.com,Female,36.212.93.105
647,Maria,Harrison,mharrisonhy@people.com.cn,Female,11.110.96.227
648,Gloria,Ramirez,gramirezhz@about.com,Female,51.246.51.176
649,Paula,Gonzalez,pgonzalezi0@ted.com,Female,201.9.62.177
650,Heather,Brooks,hbrooksi1@alexa.com,Female,91.186.183.82
651,Joan,Knight,jknighti2@cmu.edu,Female,138.69.122.195
652,William,Ray,wrayi3@wired.com,Male,202.165.33.65
653,Bruce,Lynch,blynchi4@hhs.gov,Male,246.247.209.9
654,Johnny,Garrett,jgarretti5@dedecms.com,Male,99.144.174.128
655,Janet,Wilson,jwilsoni6@cloudflare.com,Female,192.66.28.64
656,Fred,Edwards,fedwardsi7@gov.uk,Male,18.204.206.31
657,Diana,Mills,dmillsi8@qq.com,Female,216.37.157.216
658,Mildred,Spencer,mspenceri9@ucla.edu,Female,124.196.75.37
659,Cheryl,Perry,cperryia@google.co.jp,Female,198.106.60.43
660,Edward,Smith,esmithib@cdc.gov,Male,68.82.255.210
661,Dorothy,Olson,dolsonic@nifty.com,Female,162.228.255.63
662,Edward,Murray,emurrayid@blogtalkradio.com,Male,242.110.53.51
663,Sandra,Henry,shenryie@psu.edu,Female,242.66.189.244
664,Matthew,Stone,mstoneif@4shared.com,Male,68.38.103.177
665,Diana,Palmer,dpalmerig@shinystat.com,Female,10.41.43.122
666,Sara,Washington,swashingtonih@twitpic.com,Female,49.110.237.6
667,Steven,Mitchell,smitchellii@sakura.ne.jp,Male,90.21.35.146
668,Raymond,Pierce,rpierceij@senate.gov,Male,73.202.215.105
669,Christine,Allen,callenik@yellowbook.com,Female,125.98.2.241
670,Anthony,Baker,abakeril@alibaba.com,Male,201.178.202.156
671,Craig,Sanders,csandersim@themeforest.net,Male,65.142.54.119
672,Antonio,Gonzales,agonzalesin@bing.com,Male,69.55.75.4
673,Craig,Dunn,cdunnio@typepad.com,Male,11.35.67.63
674,Ruby,Hicks,rhicksip@uiuc.edu,Female,162.51.1.209
675,Louis,Gonzales,lgonzalesiq@discovery.com,Male,159.83.100.150
676,Linda,Wilson,lwilsonir@myspace.com,Female,87.32.12.218
677,George,Flores,gfloresis@google.it,Male,168.10.124.101
678,Joe,Robertson,jrobertsonit@ask.com,Male,157.86.36.21
679,Carolyn,Hart,chartiu@pinterest.com,Female,143.125.51.166
680,Deborah,Harper,dharperiv@deviantart.com,Female,160.174.128.192
681,Annie,Kennedy,akennedyiw@dailymail.co.uk,Female,162.122.235.231
682,Jason,Reid,jreidix@sphinn.com,Male,158.174.106.229
683,Mary,Robinson,mrobinsoniy@yellowbook.com,Female,179.144.233.166
684,Craig,Bradley,cbradleyiz@salon.com,Male,247.86.116.94
685,Charles,Parker,cparkerj0@list-manage.com,Male,141.132.97.24
686,Edward,King,ekingj1@huffingtonpost.com,Male,176.215.57.10
687,Cheryl,Hanson,chansonj2@hhs.gov,Female,137.207.187.145
688,Lori,Hall,lhallj3@shinystat.com,Female,74.111.197.112
689,Rose,Moore,rmoorej4@example.com,Female,52.80.188.42
690,Diana,Lopez,dlopezj5@howstuffworks.com,Female,162.154.190.37
691,George,Sanders,gsandersj6@cafepress.com,Male,2.240.62.134
692,Eric,Gonzalez,egonzalezj7@mediafire.com,Male,123.238.129.192
693,Larry,Morgan,lmorganj8@umich.edu,Male,235.211.182.100
694,Carlos,Ward,cwardj9@unesco.org,Male,38.91.76.189
695,Melissa,Rogers,mrogersja@shop-pro.jp,Female,88.139.18.129
696,Peter,Diaz,pdiazjb@zimbio.com,Male,179.60.1.118
697,Philip,Dean,pdeanjc@theglobeandmail.com,Male,224.254.166.247
698,Linda,Scott,lscottjd@go.com,Female,239.143.143.130
699,Scott,Myers,smyersje@eepurl.com,Male,57.72.58.141
700,Michelle,Weaver,mweaverjf@intel.com,Female,64.156.240.170
701,Cynthia,Watkins,cwatkinsjg@sphinn.com,Female,90.209.27.56
702,Lisa,James,ljamesjh@shinystat.com,Female,134.174.146.117
703,Anthony,Jordan,ajordanji@japanpost.jp,Male,59.190.193.231
704,Nicole,Martinez,nmartinezjj@gravatar.com,Female,188.190.71.197
705,Victor,Lane,vlanejk@hatena.ne.jp,Male,157.35.250.186
706,William,Carroll,wcarrolljl@ifeng.com,Male,228.137.215.47
707,Henry,Jackson,hjacksonjm@engadget.com,Male,199.248.236.134
708,Jacqueline,Lewis,jlewisjn@is.gd,Female,189.201.165.68
709,Chris,Bryant,cbryantjo@mtv.com,Male,11.29.22.151
710,George,Parker,gparkerjp@goo.gl,Male,117.232.245.192
711,Jeremy,Gonzalez,jgonzalezjq@netlog.com,Male,85.41.73.90
712,Margaret,Black,mblackjr@dot.gov,Female,73.36.247.157
713,Joyce,Miller,jmillerjs@nih.gov,Female,199.176.122.12
714,Ernest,Hill,ehilljt@whitehouse.gov,Male,83.126.110.72
715,Christina,Morris,cmorrisju@example.com,Female,202.7.137.13
716,Teresa,Wheeler,twheelerjv@oakley.com,Female,73.199.105.53
717,Gregory,Harvey,gharveyjw@tripod.com,Male,59.226.133.74
718,Shirley,Davis,sdavisjx@multiply.com,Female,58.203.163.253
719,Philip,Gardner,pgardnerjy@prlog.org,Male,133.99.164.160
720,Christopher,Armstrong,carmstrongjz@imdb.com,Male,49.26.247.169
721,Lillian,Fernandez,lfernandezk0@usgs.gov,Female,206.113.179.165
722,Helen,Berry,hberryk1@wikimedia.org,Female,33.227.65.217
723,Michelle,Miller,mmillerk2@liveinternet.ru,Female,54.65.154.252
724,Martha,Ruiz,mruizk3@eventbrite.com,Female,205.54.235.179
725,Chris,Garza,cgarzak4@ustream.tv,Male,49.83.103.105
726,Shawn,Ortiz,sortizk5@go.com,Male,187.228.184.46
727,Marilyn,Perez,mperezk6@yale.edu,Female,137.71.36.119
728,Bonnie,Hawkins,bhawkinsk7@macromedia.com,Female,204.252.164.183
729,Nicholas,Cook,ncookk8@multiply.com,Male,2.119.124.170
730,Sharon,Howell,showellk9@sourceforge.net,Female,174.23.78.162
731,Martha,Ellis,melliska@webmd.com,Female,87.20.31.135
732,Deborah,Burton,dburtonkb@fema.gov,Female,251.64.236.128
733,Teresa,Long,tlongkc@last.fm,Female,65.252.153.97
734,Matthew,Hart,mhartkd@microsoft.com,Male,68.63.140.207
735,Brian,Torres,btorreske@mail.ru,Male,82.206.100.37
736,Patrick,Miller,pmillerkf@wordpress.org,Male,117.101.152.14
737,Johnny,Watson,jwatsonkg@senate.gov,Male,97.108.134.90
738,Justin,Garrett,jgarrettkh@usa.gov,Male,247.55.91.232
739,Jimmy,Simpson,jsimpsonki@archive.org,Male,18.30.72.216
740,Carlos,Gonzales,cgonzaleskj@salon.com,Male,70.234.156.14
741,Sarah,Hart,shartkk@home.pl,Female,218.24.163.97
742,Peter,Carr,pcarrkl@360.cn,Male,101.114.39.236
743,Jeffrey,Sanders,jsanderskm@sun.com,Male,161.238.2.7
744,Kevin,Jones,kjoneskn@businesswire.com,Male,101.221.39.47
745,Christine,Alvarez,calvarezko@google.ca,Female,200.231.111.234
746,Maria,Hanson,mhansonkp@linkedin.com,Female,196.229.117.125
747,Donna,Hawkins,dhawkinskq@ca.gov,Female,99.71.130.228
748,Chris,Gomez,cgomezkr@flavors.me,Male,0.165.172.172
749,Beverly,West,bwestks@wikimedia.org,Female,86.57.142.13
750,Wayne,Perry,wperrykt@princeton.edu,Male,76.213.47.250
751,Russell,Stone,rstoneku@reddit.com,Male,245.228.95.203
752,Nancy,Johnson,njohnsonkv@imdb.com,Female,93.93.198.74
753,Kevin,Rivera,kriverakw@friendfeed.com,Male,219.181.7.243
754,Wanda,Phillips,wphillipskx@state.tx.us,Female,247.112.191.124
755,Elizabeth,Peterson,epetersonky@123-reg.co.uk,Female,63.115.218.31
756,Jane,Bowman,jbowmankz@addthis.com,Female,37.230.245.165
757,Todd,Smith,tsmithl0@mozilla.com,Male,147.142.219.68
758,Carl,Alexander,calexanderl1@sakura.ne.jp,Male,239.203.82.188
759,Sara,Martinez,smartinezl2@tripod.com,Female,217.107.152.237
760,Gregory,Ryan,gryanl3@cbslocal.com,Male,175.182.61.56
761,Joseph,Palmer,jpalmerl4@samsung.com,Male,101.247.15.89
762,Daniel,Johnson,djohnsonl5@com.com,Male,170.134.193.118
763,Shawn,Hawkins,shawkinsl6@dailymotion.com,Male,162.106.239.141
764,Steve,Marshall,smarshalll7@cargocollective.com,Male,114.51.5.182
765,David,Diaz,ddiazl8@amazon.de,Male,101.186.181.149
766,Phillip,Ramirez,pramirezl9@craigslist.org,Male,215.251.30.75
767,Lisa,Hughes,lhughesla@lycos.com,Female,106.216.114.76
768,Andrew,Cook,acooklb@webmd.com,Male,62.57.9.35
769,Adam,Castillo,acastillolc@npr.org,Male,154.61.147.239
770,Theresa,Dixon,tdixonld@unicef.org,Female,3.181.97.81
771,Susan,Chavez,schavezle@elpais.com,Female,109.187.8.34
772,Pamela,Barnes,pbarneslf@jalbum.net,Female,2.132.130.177
773,Jimmy,Ford,jfordlg@printfriendly.com,Male,126.103.75.232
774,Earl,Black,eblacklh@wikia.com,Male,143.70.241.216
775,Wanda,Morales,wmoralesli@altervista.org,Female,178.92.106.106
776,Stephen,Moore,smoorelj@barnesandnoble.com,Male,247.191.67.74
777,Robin,Schmidt,rschmidtlk@sciencedaily.com,Female,143.248.79.15
778,Katherine,Carroll,kcarrollll@smh.com.au,Female,57.39.188.201
779,Eugene,Kelley,ekelleylm@hubpages.com,Male,204.96.149.105
780,Irene,Gutierrez,igutierrezln@delicious.com,Female,68.5.249.245
781,Gloria,Nguyen,gnguyenlo@skyrock.com,Female,80.27.231.195
782,Diane,Ramos,dramoslp@people.com.cn,Female,2.82.160.218
783,Raymond,Wilson,rwilsonlq@acquirethisname.com,Male,141.184.73.130
784,Rachel,Carroll,rcarrolllr@engadget.com,Female,17.141.88.169
785,Carlos,Flores,cfloresls@indiegogo.com,Male,157.172.226.60
786,Helen,Stevens,hstevenslt@domainmarket.com,Female,239.148.239.187
787,Linda,Graham,lgrahamlu@zdnet.com,Female,185.219.121.21
788,Peter,Dunn,pdunnlv@businessweek.com,Male,59.198.118.61
789,Mary,Duncan,mduncanlw@barnesandnoble.com,Female,101.207.20.86
790,Billy,Hicks,bhickslx@opensource.org,Male,185.4.31.124
791,Evelyn,Garcia,egarcialy@google.com.hk,Female,34.248.197.208
792,Antonio,Campbell,acampbelllz@hugedomains.com,Male,129.45.225.136
793,Carolyn,Kelley,ckelleym0@canalblog.com,Female,32.132.43.196
794,Gloria,Cooper,gcooperm1@who.int,Female,62.2.78.90
795,Frances,Rose,frosem2@google.co.uk,Female,178.85.4.191
796,Doris,Myers,dmyersm3@statcounter.com,Female,236.236.106.70
797,William,Webb,wwebbm4@jalbum.net,Male,146.9.145.117
798,Stephen,Brown,sbrownm5@biglobe.ne.jp,Male,40.210.60.232
799,Katherine,Gomez,kgomezm6@indiatimes.com,Female,68.121.93.33
800,Sean,Peters,spetersm7@microsoft.com,Male,74.29.245.136
801,Andrew,Howell,ahowellm8@mozilla.org,Male,5.193.46.84
802,George,Flores,gfloresm9@elpais.com,Male,222.1.241.83
803,Philip,Willis,pwillisma@sohu.com,Male,167.157.132.181
804,Carl,Torres,ctorresmb@webs.com,Male,105.170.211.139
805,Patricia,Lewis,plewismc@theatlantic.com,Female,21.126.246.66
806,Clarence,Schmidt,cschmidtmd@state.tx.us,Male,108.27.26.211
807,Jason,Fuller,jfullerme@cpanel.net,Male,189.64.141.178
808,Jeffrey,Payne,jpaynemf@businesswire.com,Male,95.101.24.140
809,Margaret,Morris,mmorrismg@kickstarter.com,Female,181.200.44.244
810,Alice,Banks,abanksmh@independent.co.uk,Female,53.104.26.169
811,Dorothy,Boyd,dboydmi@amazon.co.jp,Female,174.102.2.142
812,Billy,Boyd,bboydmj@nih.gov,Male,113.70.251.13
813,Willie,Ryan,wryanmk@google.it,Male,162.95.42.142
814,Nicholas,Bailey,nbaileyml@myspace.com,Male,223.226.81.0
815,Andrea,Russell,arussellmm@cam.ac.uk,Female,90.255.82.179
816,Dennis,Black,dblackmn@multiply.com,Male,145.104.112.87
817,Edward,Price,epricemo@oaic.gov.au,Male,63.68.151.92
818,Paula,Knight,pknightmp@cocolog-nifty.com,Female,196.34.91.86
819,Richard,Cooper,rcoopermq@tripod.com,Male,6.67.128.153
820,Jeremy,Williams,jwilliamsmr@geocities.jp,Male,6.208.244.97
821,Randy,Barnes,rbarnesms@addthis.com,Male,245.84.71.253
822,Diana,Morris,dmorrismt@google.com.br,Female,147.73.241.234
823,Victor,Sanchez,vsanchezmu@flavors.me,Male,219.228.223.124
824,Tammy,Carroll,tcarrollmv@elpais.com,Female,198.84.105.242
825,Edward,Riley,erileymw@hp.com,Male,106.120.206.245
826,Michelle,Ray,mraymx@goo.gl,Female,30.153.238.48
827,Lillian,Jenkins,ljenkinsmy@cnet.com,Female,120.86.199.151
828,Gloria,Ward,gwardmz@tinypic.com,Female,50.236.0.181
829,Jessica,Simpson,jsimpsonn0@disqus.com,Female,166.252.211.146
830,Earl,Sanders,esandersn1@blog.com,Male,121.93.64.170
831,Albert,Griffin,agriffinn2@mayoclinic.com,Male,44.109.138.83
832,Johnny,Holmes,jholmesn3@discuz.net,Male,129.146.88.197
833,Aaron,Moreno,amorenon4@walmart.com,Male,188.96.94.176
834,Walter,Carter,wcartern5@privacy.gov.au,Male,135.85.12.180
835,James,Mccoy,jmccoyn6@google.es,Male,161.204.19.221
836,Nancy,Brooks,nbrooksn7@plala.or.jp,Female,43.133.233.199
837,Kathy,Nelson,knelsonn8@sciencedirect.com,Female,155.230.237.136
838,Rebecca,Baker,rbakern9@zdnet.com,Female,4.219.130.190
839,George,Greene,ggreenena@nasa.gov,Male,253.78.142.48
840,Walter,Dunn,wdunnnb@illinois.edu,Male,156.139.73.219
841,Matthew,Fowler,mfowlernc@abc.net.au,Male,119.65.55.222
842,Cheryl,Knight,cknightnd@facebook.com,Female,189.186.236.227
843,Juan,Reed,jreedne@stanford.edu,Male,247.174.204.180
844,Stephanie,Dunn,sdunnnf@cmu.edu,Female,109.82.79.12
845,Steve,Willis,swillisng@narod.ru,Male,233.115.151.243
846,James,Harris,jharrisnh@npr.org,Male,204.43.102.10
847,Jonathan,Williamson,jwilliamsonni@ebay.com,Male,59.84.36.48
848,Charles,Cole,ccolenj@sphinn.com,Male,249.7.40.59
849,Thomas,Lawson,tlawsonnk@psu.edu,Male,224.178.211.117
850,Cynthia,Morales,cmoralesnl@vkontakte.ru,Female,48.255.116.157
851,Deborah,Campbell,dcampbellnm@linkedin.com,Female,218.85.149.61
852,Catherine,Dunn,cdunnnn@google.com,Female,100.50.204.128
853,Louis,Lynch,llynchno@fema.gov,Male,175.156.23.88
854,Scott,Castillo,scastillonp@nih.gov,Male,47.215.39.91
855,Kelly,Lynch,klynchnq@ask.com,Female,34.145.96.158
856,Joyce,Kim,jkimnr@t.co,Female,90.208.153.90
857,Jane,Webb,jwebbns@eventbrite.com,Female,152.190.124.85
858,Eugene,Grant,egrantnt@google.ru,Male,245.182.8.65
859,Timothy,Riley,trileynu@microsoft.com,Male,15.61.225.19
860,Eugene,Garza,egarzanv@acquirethisname.com,Male,255.149.105.216
861,Mildred,Knight,mknightnw@youku.com,Female,187.96.15.130
862,Kimberly,Clark,kclarknx@canalblog.com,Female,37.31.174.36
863,Justin,Wallace,jwallaceny@time.com,Male,226.217.51.42
864,Carol,Wallace,cwallacenz@narod.ru,Female,15.7.87.233
865,Arthur,Howard,ahowardo0@people.com.cn,Male,221.6.57.162
866,Doris,Long,dlongo1@pagesperso-orange.fr,Female,241.3.216.167
867,Steve,Sims,ssimso2@live.com,Male,30.63.87.15
868,Kathryn,Price,kpriceo3@house.gov,Female,168.68.42.163
869,Julie,Alexander,jalexandero4@omniture.com,Female,196.51.206.205
870,Jacqueline,Hunt,jhunto5@ihg.com,Female,87.60.216.94
871,George,Hanson,ghansono6@bing.com,Male,79.91.124.196
872,Michelle,Alvarez,malvarezo7@dot.gov,Female,225.140.107.31
873,Harry,Fuller,hfullero8@springer.com,Male,114.162.28.232
874,Donna,Kelley,dkelleyo9@timesonline.co.uk,Female,181.93.185.76
875,Peter,Gilbert,pgilbertoa@va.gov,Male,96.119.179.183
876,Larry,Ryan,lryanob@arizona.edu,Male,134.163.66.37
877,Emily,Martinez,emartinezoc@microsoft.com,Female,201.72.191.116
878,Roger,Carroll,rcarrollod@jalbum.net,Male,38.108.235.106
879,Patrick,Wood,pwoodoe@lycos.com,Male,4.7.7.228
880,Scott,Sims,ssimsof@mtv.com,Male,172.94.4.58
881,Judith,Lane,jlaneog@usnews.com,Female,63.239.17.59
882,Wayne,Cunningham,wcunninghamoh@virginia.edu,Male,139.41.84.141
883,Ashley,Reyes,areyesoi@fastcompany.com,Female,189.218.171.214
884,Mark,Tucker,mtuckeroj@nytimes.com,Male,50.186.225.73
885,Stephen,Moore,smooreok@ted.com,Male,218.93.243.173
886,Charles,Freeman,cfreemanol@dedecms.com,Male,142.27.5.144
887,Katherine,Castillo,kcastilloom@ustream.tv,Female,251.254.242.250
888,Kathy,Gray,kgrayon@china.com.cn,Female,168.103.218.142
889,Elizabeth,Nelson,enelsonoo@addtoany.com,Female,129.143.102.154
890,Joseph,Gutierrez,jgutierrezop@newsvine.com,Male,110.224.131.182
891,Gerald,Kennedy,gkennedyoq@ihg.com,Male,184.221.167.110
892,Melissa,Turner,mturneror@vk.com,Female,5.57.112.206
893,Peter,Mitchell,pmitchellos@hugedomains.com,Male,26.244.207.175
894,Emily,Harrison,eharrisonot@zimbio.com,Female,221.248.78.10
895,Clarence,Watkins,cwatkinsou@salon.com,Male,215.201.54.190
896,Charles,Tucker,ctuckerov@wikipedia.org,Male,144.150.243.230
897,Larry,Rice,lriceow@pcworld.com,Male,86.50.20.185
898,Keith,Morales,kmoralesox@multiply.com,Male,83.227.108.247
899,Joseph,Clark,jclarkoy@google.es,Male,150.100.73.110
900,Janice,Bryant,jbryantoz@mac.com,Female,158.202.84.133
901,Roy,Mason,rmasonp0@state.tx.us,Male,114.87.200.50
902,Thomas,Mason,tmasonp1@vistaprint.com,Male,3.130.131.51
903,Jesse,Hunter,jhunterp2@amazon.de,Male,197.238.255.96
904,Judith,Hunter,jhunterp3@drupal.org,Female,188.66.181.166
905,Cheryl,Smith,csmithp4@imdb.com,Female,156.1.191.54
906,Phillip,Nichols,pnicholsp5@princeton.edu,Male,18.240.23.97
907,Patricia,Webb,pwebbp6@ucsd.edu,Female,104.84.163.251
908,Chris,Reed,creedp7@github.com,Male,168.148.0.194
909,Sean,Morales,smoralesp8@harvard.edu,Male,98.237.41.78
910,Robin,Wagner,rwagnerp9@wired.com,Female,173.151.99.193
911,Emily,Ray,eraypa@baidu.com,Female,110.96.182.247
912,Juan,Taylor,jtaylorpb@apple.com,Male,115.157.218.151
913,Donna,Robertson,drobertsonpc@feedburner.com,Female,144.74.11.16
914,Timothy,Coleman,tcolemanpd@tinyurl.com,Male,44.25.102.153
915,Roy,Bell,rbellpe@wp.com,Male,156.147.248.189
916,Adam,Carr,acarrpf@1688.com,Male,88.120.238.81
917,Gloria,James,gjamespg@bloglines.com,Female,51.127.162.24
918,Sara,Miller,smillerph@disqus.com,Female,8.219.186.3
919,Roy,Morris,rmorrispi@nationalgeographic.com,Male,34.149.16.204
920,Frances,Nelson,fnelsonpj@sina.com.cn,Female,133.187.155.187
921,Nicole,Matthews,nmatthewspk@noaa.gov,Female,31.211.65.160
922,Marilyn,Porter,mporterpl@admin.ch,Female,27.2.222.221
923,Douglas,Wagner,dwagnerpm@123-reg.co.uk,Male,108.43.172.231
924,Terry,Bennett,tbennettpn@imageshack.us,Male,201.225.74.135
925,Barbara,Turner,bturnerpo@discuz.net,Female,21.251.72.44
926,Samuel,Wilson,swilsonpp@ucla.edu,Male,81.192.176.163
927,Terry,Gray,tgraypq@about.me,Male,140.115.69.156
928,Roy,Black,rblackpr@geocities.com,Male,38.7.234.214
929,Anne,Arnold,aarnoldps@etsy.com,Female,83.38.178.194
930,Juan,Hayes,jhayespt@nytimes.com,Male,86.73.199.127
931,Dorothy,Fox,dfoxpu@imdb.com,Female,229.103.144.238
932,Keith,Alvarez,kalvarezpv@nhs.uk,Male,140.124.159.86
933,Billy,Wagner,bwagnerpw@acquirethisname.com,Male,249.59.117.255
934,Chris,Parker,cparkerpx@cpanel.net,Male,137.137.9.77
935,Heather,Dixon,hdixonpy@yellowbook.com,Female,85.180.46.156
936,Joan,Sanchez,jsanchezpz@spotify.com,Female,169.215.150.74
937,Jeffrey,Ray,jrayq0@elegantthemes.com,Male,216.198.231.39
938,Robin,Murray,rmurrayq1@slideshare.net,Female,58.200.37.200
939,Rose,Little,rlittleq2@mapquest.com,Female,226.34.10.14
940,Thomas,Frazier,tfrazierq3@dion.ne.jp,Male,73.35.215.203
941,Thomas,Owens,towensq4@ebay.co.uk,Male,205.18.33.104
942,Patricia,Gardner,pgardnerq5@ftc.gov,Female,163.91.136.184
943,Diana,Montgomery,dmontgomeryq6@homestead.com,Female,173.208.14.245
944,Gerald,Bradley,gbradleyq7@epa.gov,Male,48.144.99.188
945,Albert,Perry,aperryq8@oakley.com,Male,68.135.245.247
946,Amy,Johnson,ajohnsonq9@wp.com,Female,176.67.27.136
947,John,Brown,jbrownqa@sphinn.com,Male,119.178.119.139
948,Andrea,Stone,astoneqb@discovery.com,Female,228.19.112.194
949,Robert,Little,rlittleqc@sogou.com,Male,67.55.135.57
950,Russell,Patterson,rpattersonqd@macromedia.com,Male,147.255.108.2
951,Carolyn,Bowman,cbowmanqe@wikimedia.org,Female,241.87.227.28
952,Donald,Day,ddayqf@marriott.com,Male,2.242.179.13
953,Howard,Carroll,hcarrollqg@archive.org,Male,169.104.56.224
954,Alan,Taylor,ataylorqh@rambler.ru,Male,101.255.173.43
955,Fred,Morales,fmoralesqi@jigsy.com,Male,223.27.190.190
956,Dorothy,Simmons,dsimmonsqj@live.com,Female,175.59.185.212
957,Alice,Stone,astoneqk@qq.com,Female,23.192.203.177
958,Jose,Ramirez,jramirezql@blog.com,Male,227.17.12.169
959,Matthew,Meyer,mmeyerqm@hp.com,Male,165.219.168.163
960,Maria,Porter,mporterqn@joomla.org,Female,83.70.180.7
961,Peter,Burns,pburnsqo@mlb.com,Male,144.64.195.119
962,Cynthia,Bradley,cbradleyqp@squidoo.com,Female,67.20.14.195
963,Ronald,Martinez,rmartinezqq@dailymail.co.uk,Male,226.236.164.16
964,Sara,Ryan,sryanqr@wikia.com,Female,57.56.147.85
965,Michelle,Moreno,mmorenoqs@disqus.com,Female,83.245.171.72
966,Mark,Ward,mwardqt@fotki.com,Male,95.183.54.138
967,Carol,Lopez,clopezqu@surveymonkey.com,Female,63.10.68.52
968,Norma,Anderson,nandersonqv@livejournal.com,Female,233.163.228.49
969,Michael,Baker,mbakerqw@cnet.com,Male,0.3.102.100
970,Mark,Wagner,mwagnerqx@cam.ac.uk,Male,208.142.170.92
971,Pamela,Burton,pburtonqy@example.com,Female,77.196.99.231
972,Eugene,Hansen,ehansenqz@etsy.com,Male,142.64.113.120
973,Matthew,Larson,mlarsonr0@chron.com,Male,133.9.43.204
974,Jose,Gutierrez,jgutierrezr1@list-manage.com,Male,31.184.13.168
975,Richard,Little,rlittler2@ameblo.jp,Male,10.11.74.75
976,Steven,Jacobs,sjacobsr3@cnbc.com,Male,245.22.151.104
977,Gregory,Palmer,gpalmerr4@disqus.com,Male,127.183.136.199
978,Larry,Ortiz,lortizr5@amazon.de,Male,90.254.12.187
979,Nicole,Hill,nhillr6@webmd.com,Female,28.4.20.234
980,Harry,Fuller,hfullerr7@networkadvertising.org,Male,53.57.157.220
981,Walter,Mcdonald,wmcdonaldr8@lycos.com,Male,179.224.16.26
982,Evelyn,Ramirez,eramirezr9@devhub.com,Female,15.8.66.80
983,John,Carter,jcarterra@vinaora.com,Male,101.80.106.160
984,Philip,Reyes,preyesrb@earthlink.net,Male,50.120.187.81
985,Paul,Holmes,pholmesrc@bravesites.com,Male,208.31.171.75
986,Louis,Carpenter,lcarpenterrd@cargocollective.com,Male,202.26.62.223
987,Roy,Meyer,rmeyerre@soundcloud.com,Male,138.244.53.98
988,Thomas,Lynch,tlynchrf@ifeng.com,Male,245.20.96.135
989,Kevin,Schmidt,kschmidtrg@chronoengine.com,Male,222.93.236.12
990,Carolyn,Daniels,cdanielsrh@taobao.com,Female,135.155.216.67
991,Mark,Payne,mpayneri@dailymail.co.uk,Male,96.9.55.77
992,Phyllis,Fuller,pfullerrj@sina.com.cn,Female,214.104.10.65
993,Jane,Wagner,jwagnerrk@delicious.com,Female,217.174.17.173
994,Marilyn,Ortiz,mortizrl@ow.ly,Female,165.55.246.145
995,Heather,Palmer,hpalmerrm@webmd.com,Female,35.97.51.40
996,Paul,Ramirez,pramirezrn@webeden.co.uk,Male,20.245.159.104
997,Angela,Owens,aowensro@nps.gov,Female,236.241.154.91
998,Susan,Long,slongrp@digg.com,Female,22.179.131.115
999,Jeffrey,West,jwestrq@wikimedia.org,Male,208.235.118.39
1000,Donald,Ryan,dryanrr@xinhuanet.com,Male,73.198.30.3
